Name,Address,City,State,Country
Lucia Parsons,Wheatdell,Norman,The Golden State ,Norway
Maureen Hampton,Falloak,Brackney,Treasure State ,Virgin Islands (US)
Jennifer Foster,Edgebridge,Thimphu,Magnolia State ,Turks and Caicos Islands
Percy Vaughn,Orston,Sofia,Philipsburg,Guinea
Connie Jenkins,Wildehollow,Cupertino,Old Line State ,Virgin Islands (British)
Ryan Cohen,Courtmill,Oriana,Grand Canyon State ,Tanzania
Walter Howell,Strongwick,Portsmout,Hawkeye State ,Bahrain
Jeremy Davis,Lighthurst,Triborough Bridge,The Last Frontier ,Bosnia and Herzegowina
Adam Adams,Ostley,Pristina,Lone Star State ,Netherlands Antilles
Archie Townsend,Osthurst,Downey,Hoosier State ,Spain
Kent Beck,Marshlake,Damascus,Sooner State ,Trinidad and Tobago
Andy Fields,Eastbrook,Melbourne,Mountain State ,Libyan Arab Jamahiriya
Vernon Thornton,Janwald,Woodlawn,Pelican State ,Burundi
Christopher Vargas,Fallhall,Richmond,Constitution State ,Denmark
Jon Spencer,Glassbarrow,Newton,Ocean State ,Cook Islands
Alejandro Brooks,Violetbridge,Westminster,The Bay State ,Niue
Roderick Wheeler,Fairmount,Hialeah,Green Mountain State ,Cayman Islands
Nicholas Horton,Glassshade,Kilby,The Old Dominion ,Korea
Horace White,Clearfall,Arlington,Aloha State ,Malawi
Salvatore Palmer,Freyedge,Deltona,Keystone State ,Cambodia
Bill Ray,Silverbeech,Little Rock,North Star State ,Swaziland
Christina Mcdonald,Westergriffin,Elizabeth,Sunshine State ,Macedonia
Frankie Copeland,Goldshade,Dushanbe,Equality State ,San Marino
Sharon Hamilton,Norkeep,Pungo,Show-Me State ,Wallis and Futuna
Mona Schmidt,Coldmount,Fort Monroe,The First State ,Nicaragua
Kerry Flowers,Bybeach,Garden Grove,Beehive State ,Bangladesh
Tami Klein,Mageburn,Henderson,The Natural State ,Belarus
Bernice Walters,Landwald,Norfolk,Tar Heel State ,Greenland
Jessie Gomez,Marbletown,Beaconsdale,Bluegrass State ,Yugoslavia
Sheldon Harrison,Marshpond,Livonia,Peach State ,Jamaica
Rachel Kelley,Summerlake,Plymouth,Heart of Dixie ,Hungary
Sonja Bennett,Wyvernedge,Columbia Bridge,The Great Lakes State ,Chad
Valerie Mason,Lochwald,Gaithersburg,Gem State ,Somaliland
Dwight Gonzales,Ironmerrow,Annadale,Sunflower State ,India
Melanie Burton,Oakbank,North Miami,Mount Rushmore State ,Armenia
Crystal Harper,Drackeep,Phoenix,Buckeye State ,Mozambique
Michele Romero,Foghaven,El Cajon,Garden State ,Tajikistan
Belinda Pratt,Snowcoast,Pleasant Hill,Granite State ,Cuba
Jordan Lamb,Oldwood,Tbilisi,Pine Tree State ,Israel
Nelson Tyler,Bluebridge,Nicosia,Prairie State ,Philippines
Shelley Obrien,Springwood,Bellevue,The Empire State ,Syrian Arab Republic
Conrad Norton,Castleborough,Chaires,Badger State ,Bhutan
Ramona Mcbride,Mallowacre,Frederick,Beaver State ,Aruba
Kristen Reid,Blackcrest,Hallwood,Centennial State ,Georgia
Julius Curry,Raymead,Douglas,Cornhusker State ,Zambia
Bridget Webb,Westerbeach,Lowell,Volunteer State ,Latvia
Joyce Meyer,Lorfield,Springfield,Peace Garden State ,Guadeloupe
Anne Cunningham,Mallowport,Jerusalem,Silver State ,Yemen
Edgar Moran,Faysnow,Menchville,Palmetto State ,Papau New Guinea
Kevin Santos,Dorhall,Guaynabo,The Evergreen State ,Finland
Darla Griffith,Reddell,Bogot,North Star State ,Dominica
Marshall Cannon,Linvale,North Virginia Beach,Prairie State ,Iceland
Gerald Curry,Whitebourne,Aguilares,Badger State ,Slovenia
Alfonso Norton,Fairvale,Tarawa,Magnolia State ,Lebanon
Delia Santos,Deepcliff,Phoebus,Gem State ,Guyana
Grant Roy,Foxwick,Newbury,The Evergreen State ,Grenada
Susan May,Ashgate,Lynnhaven,Hawkeye State ,Nepal
Kristen Riley,Starrymeadow,Hyde Park,Hoosier State ,Niger
Alicia Moran,Ormoor,Turner City,Old Line State ,Namibia
Toni Benson,Wellbell,Ankara,The Great Lakes State ,Morocco
Garrett Burton,Dorwald,Victoria,Pine Tree State ,Islands
Juana Thomas,Castlecrest,Brightway,The First State ,Ireland
Sally Gonzalez,Grasshollow,Silvergate,The Natural State ,Kosova
Emily Scott,Eastbeach,Orbeach,Bluegrass State ,Malta
Ramiro French,Strongcliff,Fallland,Centennial State ,Singapore
Kevin Mendez,Beechmoor,Meadowcliff,Treasure State ,Cape Verde
Douglas Mitchell,Cliffbridge,Goldbeach,Palmetto State ,Estonia
Kay Blair,Silverville,Whitespell,Constitution State ,Nicaragua
Brett Wright,Vertriver,Lochpond,Sunflower State ,Bangladesh
Erik Norman,Woodport,Silvergrass,Granite State ,Belarus
Miriam Cohen,Rosefield,Morborough,Lone Star State ,Greenland
Ian Barnett,Icecourt,Whitemoor,The Empire State ,Yugoslavia
Angel Wade,Dragonmeadow,Millmeadow,Ocean State ,Jamaica
Lance Mccarthy,Blackwald,Coastfield,Mount Rushmore State ,Hungary
Maggie Ray,Strongway,Belnesse,Tar Heel State ,Chad
Bertha Stewart,Pineport,Marblepond,Beaver State ,Somaliland
Barry Cooper,Dormount,Bluehedge,Green Mountain State ,India
Ethel Parks,Wildeshore,Whitefox,Equality State ,Armenia
Edmund Beck,Westerdragon,Bypine,Show-Me State ,Mozambique
Ashley Ruiz,Linwyn,Newcliff,The Golden State ,Tajikistan
Delores Flowers,Butterfox,Butterwick,Peach State ,Cuba
Ana Vasquez,Clearbarrow,Morpond,The Last Frontier ,Israel
Mable Holmes,Stonelake,Silvercliff,Mountain State ,Philippines
Randy Young,Woodness,Fairhaven,Buckeye State ,Syrian Arab Republic
Shelley Richardson,Ironmallow,Shadowcrest,Cornhusker State ,Bhutan
Timothy Vega,Bluehaven,Greenburn,The Bay State ,Aruba
Virginia Carroll,Strongsilver,Cliffhall,Silver State ,Georgia
Ira Joseph,Crystalness,Eribush,Pelican State ,Zambia
Neal Reeves,Fairfay,Marbleville,The Old Dominion ,Latvia
Cecelia Walton,Deermeadow,Springhollow,Land of Enchantment ,Guadeloupe
Nicole Washington,Griffinmoor,Landston,Aloha State ,Yemen
Nathaniel Torres,Summerlyn,Bylea,Grand Canyon State ,Papau New Guinea
Marcella Nguyen,Belbarrow,Riverbridge,Keystone State ,Palau
Sheri James,Fieldkeep,Pondmarsh,Heart of Dixie ,Solomon Islands
Myron Dawson,Ormer,Gaborone,Sooner State ,Cyprus
Melvin Austin,Eastpond,Highlands Ranch,Sunshine State ,Laos
Priscilla Brady,Glassview,Wilmington,Volunteer State ,Ecuador
Jeffery Leonard,Rockcastle,Chaires Crossroads,Beehive State ,Brazil
